<?xml version="1.0" encoding="UTF-8"?>
<beans xmlns="http://www.springframework.org/schema/beans"
	xmlns:xsi="http://www.w3.org/2001/XMLSchema-instance" xmlns:context="http://www.springframework.org/schema/context"
	xmlns:util="http://www.springframework.org/schema/util" xmlns:jee="http://www.springframework.org/schema/jee"
	xmlns:mongo="http://www.springframework.org/schema/data/mongo"
	xsi:schemaLocation="http://www.springframework.org/schema/beans http://www.springframework.org/schema/beans/spring-beans-3.0.xsd
		http://www.springframework.org/schema/context http://www.springframework.org/schema/context/spring-context-3.0.xsd
		http://www.springframework.org/schema/util
        http://www.springframework.org/schema/util/spring-util.xsd
        http://www.springframework.org/schema/data/mongo http://www.springframework.org/schema/data/mongo/spring-mongo-1.0.xsd
    http://www.springframework.org/schema/jee http://www.springframework.org/schema/jee/spring-jee.xsd">

	<description>Example configuration to get you started.</description>

	<!-- <jdbc:embedded-database id="dataSource" type="H2" /> -->

	<!-- <tx:annotation-driven transaction-manager="transactionManager" /> -->

	<context:component-scan base-package="com.springessentials.chapter3" />
	<!-- <util:properties id="postgresql-ds" location="classpath:/META-INF/spring/postgresql-ds.properties" 
		/> -->
	<mongo:repositories base-package="com.springessentials.chapter3.dao" />
	<mongo:mongo host="192.168.36.10" port="27017" />
	<!-- for defining mongo template -->
	<bean id="mongoTemplate" class="org.springframework.data.mongodb.core.MongoTemplate">
		<constructor-arg ref="mongo" />
		<constructor-arg name="databaseName" value="Taskify" />
	</bean>
</beans>
