<?xml version="1.0" encoding="UTF-8"?>
<beans:beans xmlns="http://www.springframework.org/schema/mvc"
	xmlns:xsi="http://www.w3.org/2001/XMLSchema-instance" xmlns:beans="http://www.springframework.org/schema/beans"
	xmlns:context="http://www.springframework.org/schema/context"
	xsi:schemaLocation="http://www.springframework.org/schema/mvc http://www.springframework.org/schema/mvc/spring-mvc.xsd
		http://www.springframework.org/schema/beans http://www.springframework.org/schema/beans/spring-beans.xsd
		http://www.springframework.org/schema/context http://www.springframework.org/schema/context/spring-context.xsd">

	<!-- DispatcherServlet Context: defines this servlet's request-processing 
		infrastructure -->

	<!-- Enables the Spring MVC @Controller programming model -->
	<!-- <annotation-driven conversion-service="conversionService" />
	<context:component-scan base-package="com.taskify" />

	<beans:bean id="conversionService"
		class="org.springframework.format.support.FormattingConversionServiceFactoryBean">
		<beans:property name="formatters">
			<beans:set>
				<beans:ref bean="UserFormatter" />
			</beans:set>
		</beans:property>
	</beans:bean> -->

	<!-- Handles HTTP GET requests for /resources/** by efficiently serving 
		up static resources in the ${webappRoot}/resources directory -->
	<!-- <resources mapping="/resources/**" location="/resources/" /> -->

	<!-- Resolves views selected for rendering by @Controllers to .jsp resources 
		in the /WEB-INF/views directory -->
	<!-- <beans:bean
		class="org.springframework.web.servlet.view.InternalResourceViewResolver">
		<beans:property name="prefix" value="/WEB-INF/views/" />
		<beans:property name="suffix" value=".jsp" />
	</beans:bean>

	<beans:bean id="multipartResolver"
		class="org.springframework.web.multipart.support.StandardServletMultipartResolver">
	</beans:bean>

	<beans:bean id="messageSource"
		class="org.springframework.context.support.ReloadableResourceBundleMessageSource">
		<beans:property name="defaultEncoding" value="UTF-8" />
		<beans:property name="basenames" value="classpath:validation-errors" />
	</beans:bean> -->
<!-- 
	<beans:bean class="org.thymeleaf.spring4.view.ThymeleafViewResolver">
		<beans:property name="templateEngine" ref="templateEngine" />
		<beans:property name="order" value="1" />
		<beans:property name="viewNames" value="*.html,*.xhtml" />
	</beans:bean>
	<beans:bean id="templateResolver"
		class="org.thymeleaf.templateresolver.ServletContextTemplateResolver">
		<beans:property name="prefix" value="/WEB-INF/templates/" />
		<beans:property name="suffix" value=".html" />
		<beans:property name="templateMode" value="HTML5" />
	</beans:bean>

	<beans:bean id="templateEngine" class="org.thymeleaf.spring4.SpringTemplateEngine">
		<beans:property name="templateResolver" ref="templateResolver" />
	</beans:bean> -->
</beans:beans>
