<?xml version="1.0" encoding="UTF-8"?>
<beans xmlns="http://www.springframework.org/schema/beans"
	xmlns:xsi="http://www.w3.org/2001/XMLSchema-instance" xmlns:context="http://www.springframework.org/schema/context"
	xmlns:jdbc="http://www.springframework.org/schema/jdbc" xmlns:tx="http://www.springframework.org/schema/tx"
	xmlns:util="http://www.springframework.org/schema/util" xmlns:jpa="http://www.springframework.org/schema/data/jpa"
	xmlns:aop="http://www.springframework.org/schema/aop" xmlns:jee="http://www.springframework.org/schema/jee"
	xsi:schemaLocation="http://www.springframework.org/schema/jdbc http://www.springframework.org/schema/jdbc/spring-jdbc-3.0.xsd
		http://www.springframework.org/schema/beans http://www.springframework.org/schema/beans/spring-beans-3.0.xsd
		http://www.springframework.org/schema/tx http://www.springframework.org/schema/tx/spring-tx-3.0.xsd
		http://www.springframework.org/schema/context http://www.springframework.org/schema/context/spring-context-3.0.xsd
		http://www.springframework.org/schema/util
        http://www.springframework.org/schema/util/spring-util.xsd
        http://www.springframework.org/schema/data/jpa
    http://www.springframework.org/schema/data/jpa/spring-jpa.xsd
    http://www.springframework.org/schema/jee http://www.springframework.org/schema/jee/spring-jee.xsd
    http://www.springframework.org/schema/aop
        http://www.springframework.org/schema/aop/spring-aop.xsd">

	<description>Example configuration to get you started.</description>

	<!-- the transactional advice (what 'happens'; see the <aop:advisor/> bean 
		below) -->

	<tx:advice id="txAdvice" transaction-manager="transactionManager">
		<!-- the transactional semantics... -->
		<tx:attributes>
			<!-- all methods starting with 'get' are read-only -->
			<tx:method name="find*" read-only="true" />
			<tx:method name="completeTask" propagation="REQUIRED" rollback-for="NoTaskFoundException"/>
			<tx:method name="findOpenTasksByAssignee" read-only="true" no-rollback-for="InvalidUserException"/>
			<!-- other methods use the default transaction settings (see below) -->
			<tx:method name="*" isolation="DEFAULT" propagation="REQUIRED" />
		</tx:attributes>
	</tx:advice>

	<!-- ensure that the above transactional advice runs for any execution of 
		an operation defined by the FooService interface -->
	<aop:config>
		<aop:pointcut id="allServiceMethods"
			expression="execution(* com.taskify.dao.*.*(..))" />
		<aop:advisor advice-ref="txAdvice" pointcut-ref="allServiceMethods" />
	</aop:config>
</beans>
